Entry	Entry_Isoform	DEGRON	START	END	ASA_SCORE	CONS_SCORE	FCONS_SCORE	COIL	HELIX	STRAND	DSS_SCORE	RIG_SCORE	ANCHOR_SCORE	Domain_pfam	nflanking_ub_lysines	ub_lysines	nflanking_lysines	any_lysines	nflanking_ptms	ptms_flanking	Type
P06241	P06241	Known-INTERNAL	414	425	74.125	0.6604716666666667	0.736378947439549	0.4868333333333334	0.030750000000000003	0.47841666666666666	0.105225	0.8596833333333334	0.03622500000000001	1	2	405,431	2.0	405,431	0	0.0	DEGRON
P09619	P09619	Known-INTERNAL	874	885	43.175000000000004	0.6864749999999998	0.8308471560754503	0.5273333333333333	0.43241666666666667	0.04666666666666667	0.015516666666666665	0.9154499999999999	0.05248333333333333	1	0	0.0	2.0	860,868	0	0.0	DEGRON
P16234	P16234	Known-INTERNAL	866	877	43.225	0.5837891666666667	0.841667196393749	0.4977500000000001	0.45799999999999996	0.051	0.020316666666666667	0.9433999999999999	0.04973333333333333	1	0	0.0	2.0	852,860	0	0.0	DEGRON
P07333	P07333	Known-INTERNAL	963	972	83.82000000000001	0.53788	1.1549473930781395	0.7253000000000001	0.09930000000000001	0.1638	0.53488	0.792945	0.6684700000000001	0	0	0.0	0.0	0.0	0	0.0	DEGRON
P10721	P10721	Known-INTERNAL	563	573	66.89090909090909	0.4871054545454545	0.9698422107687643	0.6883636363636364	0.15381818181818183	0.1619090909090909	0.12573636363636365	0.8602545454545456	0.03706363636363637	0	0	0.0	5.0	546,550,558,581,593	2	553,578	DEGRON
P10721	P10721	Known-INTERNAL	931	941	64.93636363636364	0.43146272727272733	1.099125533225569	0.5860909090909092	0.3255454545454546	0.08836363636363637	0.4058545454545454	0.7603909090909092	0.2692727272727273	0	0	0.0	4.0	913,918,926,948	2	931,943	DEGRON
Q9NRF2	Q9NRF2	Known-INTERNAL	747	756	73.33000000000001	0.733665	1.7160769078649392	0.5421999999999999	0.05920000000000001	0.40309999999999996	0.8001799999999999	0.744825	0.83727	0	0	0.0	0.0	0.0	0	0.0	DEGRON
Q9UQQ2	Q9UQQ2	Known-INTERNAL	566	575	72.18	0.5878460000000001	1.3788638239163769	0.533	0.2793	0.1922	0.77541	0.7231749999999999	0.8821100000000002	0	0	0.0	0.0	0.0	3	555,559,560	DEGRON
P51805	P51805	Known-INTERNAL	1294	1304	38.50909090909091	0.6498763636363636	1.1710049871369705	0.5335454545454547	0.31236363636363634	0.15045454545454545	0.059881818181818175	0.9089909090909092	0.17222727272727273	1	0	0.0	1.0	1318	0	0.0	DEGRON
P08581	P08581	Known-INTERNAL	1016	1026	83.22727272727273	0.4185990909090909	0.9577960201643895	0.8021818181818183	0.09745454545454546	0.10081818181818182	0.5505454545454544	0.7007181818181819	0.24488181818181817	0	0	0.0	0.0	0.0	4	1006,1015,1016,1026	DEGRON
Q04912	Q04912	Known-INTERNAL	292	294	56.13333333333333	0.5953366666666666	1.14868472943703	0.12466666666666666	0.009	0.871	0.26499999999999996	0.8189666666666667	0.19763333333333333	0	0	0.0	1.0	305	0	0.0	DEGRON
Q04912	Q04912	Known-INTERNAL	1012	1022	62.472727272727276	0.36427090909090915	1.3809838913128887	0.5801818181818184	0.07863636363636363	0.3351818181818182	0.2020818181818182	0.7584818181818181	0.08454545454545453	0	0	0.0	0.0	0.0	1	1012	DEGRON
Q14247	Q14247	Known-INTERNAL	452	454	113.66666666666667	0.34765	1.0141455018948184	0.36966666666666664	0.625	0.004666666666666667	0.4575333333333333	0.7882000000000001	0.6493333333333333	0	0	0.0	0.0	0.0	3	446,447,464	DEGRON
Q9UIW2	Q9UIW2	Known-INTERNAL	441	443	79.66666666666667	0.4371133333333333	0.7788576692270892	0.3413333333333333	0.0016666666666666668	0.6576666666666666	0.10236666666666668	0.9036333333333334	0.1997	1	0	0.0	2.0	430,459	0	0.0	DEGRON
Q9UIW2	Q9UIW2	Known-INTERNAL	1319	1329	31.554545454545448	0.6952363636363637	1.1908532455095413	0.42109090909090907	0.4973636363636364	0.08600000000000002	0.07122727272727272	0.8880636363636364	0.1501818181818182	1	0	0.0	1.0	1343	0	0.0	DEGRON
Q9UQQ2	Q9UQQ2	Known-INTERNAL	88	90	94.90000000000002	0.45278333333333337	1.1412216815965657	0.7933333333333333	0.157	0.052	0.7029666666666667	0.6812666666666668	0.1777	0	1	99	1.0	99	0	0.0	DEGRON
O43597	O43597	Known-INTERNAL	49	60	87.27499999999999	0.5137325	1.1018122882698447	0.9133333333333334	0.03525	0.05225000000000001	0.5771999999999999	0.6915666666666667	0.7850000000000001	0	0	0.0	2.0	68,78	1	42	DEGRON
P00533	P00533	Known-INTERNAL	1063	1073	85.0909090909091	0.31250272727272727	1.0188519306149366	0.7301818181818182	0.21063636363636362	0.06154545454545456	0.4768636363636363	0.7416636363636364	0.5654636363636363	0	0	0.0	0.0	0.0	4	1057,1074,1078,1081	DEGRON
P08138	P08138	Known-INTERNAL	330	341	64.94166666666668	0.4604058333333334	0.690489483634645	0.6775833333333332	0.22075	0.10674999999999997	0.5904166666666667	0.6490333333333334	0.7181916666666667	0	0	0.0	1.0	349	1	325	DEGRON
P43403	P43403	Known-INTERNAL	286	297	70.35000000000001	0.48585666666666666	1.2981889787368759	0.8508333333333334	0.06574999999999999	0.07625	0.7260416666666667	0.6316750000000001	0.2664916666666666	0	1	304	1.0	304	4	278,286,300,301	DEGRON
O43609	O43609	Known-INTERNAL	47	58	69.5	0.4861016666666667	1.0222176553429305	0.74175	0.04541666666666667	0.20941666666666658	0.5143166666666666	0.6490416666666668	0.5973	0	0	0.0	2.0	61,73	0	0.0	DEGRON
O43609	O43609	Known-INTERNAL	235	245	76.76363636363637	0.6728181818181819	0.879587647979539	0.8712727272727272	0.056636363636363644	0.07090909090909091	0.024527272727272727	0.7282545454545454	0.00013636363636363637	1	0	0.0	1.0	226	0	0.0	DEGRON
P07333	P07333	Known-INTERNAL	917	927	88.14545454545454	0.41133636363636356	1.1146255964566103	0.7112727272727273	0.19999999999999998	0.08945454545454547	0.6735454545454546	0.6894090909090911	0.10186363636363636	0	0	0.0	0.0	0.0	0	0.0	DEGRON
P12830	P12830	Known-INTERNAL	749	759	54.51818181818181	0.460789090909091	1.0360261015753947	0.5906363636363636	0.1060909090909091	0.30136363636363633	0.603790909090909	0.7613818181818182	0.23372727272727276	0	1	738	1.0	738	2	748,770	DEGRON
Q99704	Q99704	Known-INTERNAL	357	367	102.60909090909091	0.537830909090909	1.3935560159279965	0.8999090909090909	0.039818181818181815	0.054090909090909085	0.6148545454545454	0.6981818181818182	0.2837181818181818	0	0	0.0	3.0	350,352,384	2	354,377	DEGRON
Q14247	Q14247	Known-INTERNAL	481	491	84.95454545454545	0.40552272727272726	0.8565550004032428	0.7018181818181819	0.23845454545454545	0.055	0.5048999999999999	0.7789909090909091	0.2929363636363637	0	0	0.0	0.0	0.0	2	470,479	DEGRON
O00429	O00429	Known-INTERNAL	473	479	79.8142857142857	0.49291714285714283	0.9322726778121303	0.3221428571428571	0.6765714285714285	0.005714285714285714	0.030085714285714292	0.8790857142857141	0.10708571428571427	1	0	0.0	2.0	459,497	0	0.0	DEGRON
O75496	O75496	Known-INTERNAL	23	29	73.8	0.77425	1.1725690369080275	0.6025714285714285	0.05614285714285715	0.33814285714285713	0.6171571428571428	0.7457285714285715	0.8765857142857144	1	1	17	4.0	6,8,13,17	2	34,36	DEGRON
P12757	P12757	Known-INTERNAL	164	170	36.971428571428575	0.9195042857142858	1.2007599189236653	0.17399999999999996	0.542	0.29228571428571426	0.04075714285714286	0.9009571428571428	0.07802857142857143	1	0	0.0	0.0	0.0	0	0.0	DEGRON
P33981	P33981	Known-INTERNAL	256	262	101.72857142857143	0.3160457142857143	1.0122930558013845	0.7110000000000001	0.23242857142857143	0.05557142857142856	0.5421000000000001	0.7294428571428571	0.28011428571428576	0	1	266	2.0	237,266	1	255	DEGRON
P41134	P41134	Known-INTERNAL	126	132	78.47142857142856	0.4640014285714286	1.205090384873545	0.7347142857142857	0.22142857142857145	0.04314285714285715	0.36567142857142854	0.7421	0.1128	0	0	0.0	0.0	0.0	1	117	DEGRON
Q07820	Q07820	Known-INTERNAL	207	213	51.65714285714285	0.5931500000000002	1.2069163252282167	0.05385714285714286	0.9452857142857143	0.0025714285714285717	0.5716142857142857	0.7452000000000002	0.3278714285714286	1	2	194,197	2.0	194,197	0	0.0	DEGRON
Q15303	Q15303	Known-INTERNAL	992	998	86.65714285714286	0.29902428571428574	0.8955431066906101	0.9132857142857144	0.03957142857142858	0.046285714285714284	0.4714285714285714	0.6715285714285714	0.0938	0	0	0.0	1.0	1002	1	984	DEGRON
Q15784	Q15784	Known-INTERNAL	213	219	65.37142857142858	0.41626285714285716	1.141650390529345	0.6705714285714286	0.17514285714285718	0.14528571428571427	0.29767142857142864	0.7898285714285714	0.10767142857142856	1	0	0.0	1.0	194	1	212	DEGRON
Q86XJ1	Q86XJ1	Known-INTERNAL	610	616	90.3714285714286	0.3802885714285714	1.1369870380490965	0.8624285714285714	0.054714285714285715	0.07928571428571429	0.6713428571428571	0.6657000000000001	0.9594571428571429	0	0	0.0	5.0	594,599,606,624,630	2	607,621	DEGRON
Q8WWL7	Q8WWL7	Known-INTERNAL	60	66	84.5	0.5789457142857143	1.2671370755703264	0.433	0.419	0.142	0.4811285714285714	0.7202714285714287	0.7647142857142857	0	0	0.0	4.0	40,78,79,83	0	0.0	DEGRON
Q969U6	Q969U6	Known-INTERNAL	303	309	58.94285714285713	0.31953428571428566	0.9452774527599281	0.28900000000000003	0.07357142857142858	0.6377142857142857	0.41002857142857146	0.8225142857142858	0.5371857142857143	0	2	299,326	2.0	299,326	0	0.0	DEGRON
Q96RL1	Q96RL1	Known-INTERNAL	255	261	90.1857142857143	0.5365785714285715	1.0600158374253523	0.7657142857142857	0.11271428571428573	0.1192857142857143	0.41864285714285715	0.8116571428571427	0.27681428571428573	0	2	245,265	2.0	245,265	0	0.0	DEGRON
Q96RU7	Q96RU7	Known-INTERNAL	195	201	35.214285714285715	0.7646214285714287	0.9659782847935229	0.27528571428571424	0.015285714285714286	0.7078571428571427	0.06011428571428572	0.8870999999999999	0.06068571428571428	1	1	219	2.0	184,219	0	0.0	DEGRON
Q9BW19	Q9BW19	Known-INTERNAL	5	11	78.24285714285715	0.22203142857142857	0.9884757749596145	0.5435714285714286	0.3811428571428572	0.08714285714285715	0.6515714285714286	0.7348714285714284	0.8085857142857142	0	1	23	2.0	18,23	0	0.0	DEGRON
O95997	O95997	Known-INTERNAL	61	67	59.728571428571435	0.8497185714285714	1.580893151317783	0.39757142857142863	0.48600000000000004	0.11457142857142857	0.5903285714285714	0.7224428571428572	0.5397714285714286	1	1	48	7.0	48,58,73,76,78,82,84	1	60	DEGRON
Q9P2P5	Q9P2P5	Known-INTERNAL	740	746	91.62857142857142	0.35648	1.0154928647362202	0.6692857142857143	0.30671428571428566	0.010857142857142857	0.6516571428571428	0.6768142857142857	0.9594714285714285	0	0	0.0	0.0	0.0	0	0.0	DEGRON
O43521	O43521	Known-INTERNAL	76	82	65.21428571428571	0.7159585714285714	1.0390064599590345	0.5097142857142857	0.24700000000000003	0.2527142857142857	0.37270000000000003	0.8280571428571427	0.9889285714285714	0	0	0.0	0.0	0.0	3	69,87,93	DEGRON
O43521	O43521	Known-INTERNAL	85	91	76.64285714285715	0.7224285714285715	0.9779048905880238	0.715	0.1575714285714286	0.13442857142857143	0.25651428571428575	0.7233	0.9162	0	0	0.0	0.0	0.0	5	77,93,94,96,98	DEGRON
O60566	O60566	Known-INTERNAL	224	230	73.14285714285714	0.43608714285714284	1.588531008886039	0.313	0.6572857142857143	0.026285714285714284	0.4762999999999999	0.745057142857143	0.31981428571428566	0	2	210,250	5.0	210,233,235,236,250	2	232,237	DEGRON
O75330	O75330	Known-INTERNAL	659	665	106.0142857142857	0.6240471428571429	1.067481301660982	0.09471428571428572	0.9068571428571428	0.0008571428571428572	0.3941857142857143	0.7913714285714283	0.3842285714285714	1	0	0.0	7.0	639,643,645,652,671,678,683	1	656	DEGRON
O75330	O75330	Known-INTERNAL	702	708	95.79999999999998	0.5062914285714286	1.1718993820422818	0.8147142857142856	0.15014285714285713	0.03414285714285715	0.37597142857142857	0.7387714285714286	0.21747142857142857	1	1	696	4.0	683,689,696,724	1	713	DEGRON
P15036	P15036	Known-INTERNAL	20	26	90.64285714285714	0.38907285714285716	1.045934395992866	0.7565714285714285	0.09185714285714287	0.14514285714285716	0.33408571428571426	0.7581642857142857	0.10985714285714286	0	1	7	1.0	7	2	18,19	DEGRON
P20248	P20248	Known-INTERNAL	47	53	63.08571428571428	0.34782285714285716	1.1065867719167406	0.244	0.6782857142857143	0.07442857142857143	0.6206714285714285	0.7408571428571428	0.9610142857142857	1	1	37	2.0	37,68	1	55	DEGRON
P38936	P38936	Known-INTERNAL	86	92	83.74285714285713	0.4351642857142856	0.8750002774553851	0.8998571428571429	0.030428571428571426	0.060428571428571436	0.7010571428571428	0.6036999999999999	0.10687142857142858	0	1	75	1.0	75	2	80,98	DEGRON
P42261	P42261	Known-INTERNAL	43	49	52.52857142857143	0.4398114285714286	1.3562496833693465	0.07885714285714286	0.9125714285714286	0.005285714285714287	0.3405571428571429	0.8005000000000001	0.03652857142857143	1	0	0.0	1.0	54	0	0.0	DEGRON
P42261	P42261	Known-INTERNAL	126	132	41.971428571428575	0.3686471428571428	0.8965441657084804	0.31585714285714284	0.6554285714285715	0.027285714285714285	0.018685714285714285	0.9149285714285715	0.025042857142857144	1	0	0.0	2.0	141,144	0	0.0	DEGRON
P51955	P51955	Known-INTERNAL	361	367	105.21428571428574	0.3633285714285714	0.9523128724080889	0.25114285714285717	0.7441428571428572	0.002428571428571429	0.1191857142857143	0.8228857142857143	0.5658000000000001	0	4	344,353,381,383	5.0	344,353,381,382,383	2	356,378	DEGRON
P52732	P52732	Known-INTERNAL	1047	1053	100.55714285714285	0.37050999999999995	1.4394847188959528	0.6948571428571428	0.2127142857142857	0.106	0.5577142857142857	0.8070357142857142	0.7707142857142857	1	1	1034	1.0	1034	0	0.0	DEGRON
Q15398	Q15398	Known-INTERNAL	26	32	113.6	0.4188028571428571	0.9901553482212615	0.5655714285714286	0.4235714285714286	0.004857142857142858	0.6150571428571429	0.6752	0.44868571428571435	0	0	0.0	4.0	12,22,37,48	1	15	DEGRON
Q5FBB7	Q5FBB7	Known-INTERNAL	438	444	69.77142857142857	0.6326885714285713	1.4341550250970398	0.779142857142857	0.10171428571428573	0.12085714285714286	0.5298428571428572	0.7483000000000001	0.7703428571428571	0	1	454	5.0	421,424,454,463,464	4	429,433,436,450	DEGRON
Q86WB0	Q86WB0	Known-INTERNAL	314	320	95.18571428571428	0.4041814285714285	0.9819643312676681	0.8944285714285715	0.03857142857142857	0.060714285714285714	0.7019428571428571	0.6896857142857142	0.4288285714285714	1	0	0.0	0.0	0.0	2	321,329	DEGRON
Q86WB0	Q86WB0	Known-INTERNAL	402	408	98.38571428571431	0.41538142857142857	0.9287860975246062	0.596	0.3754285714285714	0.02642857142857143	0.5510142857142857	0.6809571428571427	0.7932857142857144	0	0	0.0	1.0	399	10	394,395,408,409,410,411,413,414,415,417	DEGRON
Q8IWF2	Q8IWF2	Known-INTERNAL	246	252	39.785714285714285	0.43230857142857143	0.8730532179972268	0.3975714285714286	0.03557142857142857	0.561	0.03625714285714286	0.8329571428571428	0.06765714285714285	1	0	0.0	0.0	0.0	0	0.0	DEGRON
Q8IWF2	Q8IWF2	Known-INTERNAL	582	588	56.18571428571429	0.4103257142857143	1.1440926656585495	0.07371428571428572	0.9204285714285714	0.006571428571428571	0.019999999999999997	0.9154571428571429	0.06738571428571428	0	0	0.0	0.0	0.0	0	0.0	DEGRON
Q96GD4	Q96GD4	Known-INTERNAL	315	321	51.028571428571425	0.46635428571428567	0.9843427160262347	0.4218571428571429	0.5662857142857144	0.016000000000000004	0.37592857142857145	0.7107571428571429	0.08892857142857143	1	1	306	1.0	306	2	313,331	DEGRON
Q99618	Q99618	Known-INTERNAL	198	204	60.12857142857143	0.6815	1.114305292745756	0.6258571428571429	0.05928571428571428	0.31857142857142856	0.6427857142857143	0.7048571428571426	0.9711571428571428	0	2	189,219	3.0	189,194,219	3	209,212,214	DEGRON
Q99728	Q99728	Known-INTERNAL	38	44	45.857142857142854	0.3512742857142857	1.079245465208074	0.005571428571428572	0.9935714285714285	0.0017142857142857144	0.14682857142857145	0.8193285714285714	0.2576142857142857	1	0	0.0	0.0	0.0	0	0.0	DEGRON
Q99728	Q99728	Known-INTERNAL	112	118	87.12857142857142	0.3371042857142857	0.970452399957379	0.46714285714285714	0.5254285714285715	0.0064285714285714285	0.15785714285714286	0.7670142857142859	0.10729999999999998	0	2	124,130	4.0	96,124,127,130	0	0.0	DEGRON
Q99741	Q99741	Known-INTERNAL	56	62	108.8714285714286	0.41527714285714284	1.1754507788896047	0.9018571428571428	0.061714285714285715	0.03557142857142857	0.5444285714285714	0.6681571428571429	0.7462714285714286	0	1	49	4.0	49,77,80,81	3	45,54,67	DEGRON
Q9BXS6	Q9BXS6	Known-INTERNAL	433	439	93.77142857142857	0.4843985714285715	1.0020370233135856	0.727	0.18985714285714286	0.09314285714285715	0.6858571428571428	0.7794071428571429	0.9797285714285715	1	0	0.0	6.0	416,417,423,425,426,428	0	0.0	DEGRON
Q9NQW6	Q9NQW6	Known-INTERNAL	16	22	98.38571428571429	0.4846071428571429	0.9872486256078904	0.07985714285714285	0.924142857142857	0.0017142857142857144	0.7109428571428572	0.7131785714285713	0.7912857142857144	0	0	0.0	2.0	7,38	0	0.0	DEGRON
Q9NQW6	Q9NQW6	Known-INTERNAL	41	47	94.58571428571429	0.48934285714285713	1.1520134721682502	0.816	0.15157142857142855	0.03514285714285715	0.7924428571428572	0.6043000000000001	0.7578285714285713	0	0	0.0	4.0	22,38,59,63	1	54	DEGRON
Q9NYD6	Q9NYD6	Known-INTERNAL	177	183	62.92857142857143	0.4014285714285715	0.9691128588515809	0.7310000000000001	0.21642857142857141	0.04885714285714286	0.6301142857142857	0.6580142857142856	0.6501142857142858	0	1	160	3.0	160,195,203	1	189	DEGRON
Q9NYD6	Q9NYD6	Known-INTERNAL	320	326	118.60000000000001	0.8229971428571429	1.193042634511454	0.5224285714285714	0.42942857142857144	0.05014285714285715	0.29389999999999994	0.8359999999999997	0.20721428571428574	1	0	0.0	2.0	303,313	1	337	DEGRON
Q9UKT4	Q9UKT4	Known-INTERNAL	322	328	62.4	0.6187771428571429	1.3044075439940614	0.5167142857142857	0.4335714285714286	0.04714285714285715	0.4052857142857143	0.7739285714285715	0.4476428571428572	0	2	308,344	4.0	308,338,339,344	4	318,331,335,336	DEGRON
Q9Y2I6	Q9Y2I6	Known-INTERNAL	633	639	98.64285714285714	0.6511271428571428	0.845180611185284	0.029714285714285714	0.9718571428571428	0.0004285714285714286	0.2845857142857143	0.8133142857142858	0.2688857142857143	0	0	0.0	4.0	626,651,656,659	0	0.0	DEGRON
Q9Y2M0	Q9Y2M0	Known-INTERNAL	14	20	102.68571428571428	0.23974	1.0304326845117036	0.8891428571428571	0.06542857142857143	0.04285714285714286	0.7495857142857144	0.6684214285714285	0.4058857142857143	0	0	0.0	6.0	6,10,11,23,24,25	1	3	DEGRON
P14635	P14635	Known-INTERNAL	41	49	45.0	0.39746666666666663	1.46204902441077	0.38333333333333336	0.522888888888889	0.09233333333333334	0.6147111111111112	0.6930999999999999	0.8493222222222222	0	2	25,36	6.0	25,36,59,63,64,67	1	35	DEGRON
P53350	P53350	Known-INTERNAL	336	344	81.17777777777778	0.35547111111111107	1.397394471158094	0.7377777777777779	0.13855555555555557	0.12455555555555559	0.5442333333333332	0.6925777777777777	0.32048888888888893	0	1	358	1.0	358	4	326,330,331,335	DEGRON
Q02363	Q02363	Known-INTERNAL	99	107	76.62222222222222	0.46852999999999995	1.1293553324575467	0.8299999999999998	0.10966666666666668	0.05877777777777778	0.5074444444444445	0.722988888888889	0.11804444444444442	0	0	0.0	0.0	0.0	0	0.0	DEGRON
Q13309	Q13309	Known-INTERNAL	2	10	113.05555555555557	0.3701655555555556	0.9077654162545403	0.8234444444444444	0.16455555555555554	0.02411111111111111	0.6415777777777777	0.7743	0.27982222222222225	0	0	0.0	1.0	28	0	0.0	DEGRON
O43683	O43683	Known-INTERNAL	624	628	84.61999999999999	0.323816	1.2010776726855834	0.3308	0.6448	0.0212	0.3264	0.8049800000000001	0.355	0	1	613	2.0	613,631	1	618	DEGRON
O95997	O95997	Known-INTERNAL	8	12	68.48	0.831366	1.2684391115511238	0.6722	0.1004	0.23199999999999998	0.42776	0.7387500000000001	0.27590000000000003	1	1	25	2.0	21,25	2	6,16	DEGRON
P30307	P30307	Known-INTERNAL	150	154	100.28	0.33367399999999997	1.0689042200937149	0.8176	0.13040000000000002	0.0484	0.50858	0.6299800000000001	0.18740000000000004	0	0	0.0	2.0	140,164	3	146,148,165	DEGRON
Q15468	Q15468	Known-INTERNAL	1243	1247	97.66	0.263342	0.8691780986329648	0.8280000000000001	0.12300000000000003	0.046000000000000006	0.6182799999999999	0.6606600000000001	0.12932	0	2	1223,1234	3.0	1223,1234,1263	0	0.0	DEGRON
Q96FF9	Q96FF9	Known-INTERNAL	87	91	115.21999999999998	0.800188	1.1928626653268184	0.909	0.026600000000000002	0.06100000000000001	0.5393	0.6832199999999999	0.37044	1	2	99,104	2.0	99,104	3	79,83,98	DEGRON
Q8WWK9	Q8WWK9	Known-INTERNAL	80	84	99.02	0.38347200000000004	1.2006318827544398	0.5038	0.4654000000000001	0.0246	0.60446	0.7264400000000001	0.42206	0	3	70,73,91	7.0	70,73,75,77,91,98,104	0	0.0	DEGRON
O43683	O43683	Known-INTERNAL	534	538	116.42	0.25667999999999996	0.8971944798395937	0.8597999999999999	0.0898	0.05499999999999999	0.5110399999999999	0.6726400000000001	0.24468	0	0	0.0	3.0	518,544,546	2	525,538	DEGRON
O60566	O60566	Known-INTERNAL	25	29	60.38000000000001	0.6625800000000001	1.4604054978755294	0.6812	0.2538	0.0764	0.48434	0.7760399999999998	0.11240000000000001	0	0	0.0	2.0	5,6	3	16,39,40	DEGRON
O60566	O60566	Known-INTERNAL	303	307	93.96000000000001	0.37499800000000005	1.109874980324839	0.7095999999999999	0.2378	0.0538	0.6172	0.69672	0.35164	0	0	0.0	1.0	289	2	315,318	DEGRON
O75330	O75330	Known-INTERNAL	696	700	103.55999999999999	0.539878	0.9548502966091134	0.5594	0.4086	0.025	0.48595999999999995	0.72637	0.31774	1	0	0.0	4.0	678,683,689,706	1	703	DEGRON
Q12834	Q12834	Known-INTERNAL	96	100	110.46	0.32058	0.9685675205036227	0.86	0.1266	0.013399999999999999	0.65208	0.6664600000000002	0.5681	0	2	109,114	3.0	109,110,114	2	92,106	DEGRON
Q96GD4	Q96GD4	Known-INTERNAL	3	7	122.02000000000001	0.25735	0.9962627676364612	0.9558	0.029199999999999997	0.0112	0.78088	0.6884799999999999	0.35122	0	0	0.0	0.0	0.0	4	7,8,12,16	DEGRON
Q99741	Q99741	Known-INTERNAL	80	84	115.84	0.353972	1.0293283986517745	0.9427999999999999	0.027200000000000002	0.0268	0.8019000000000001	0.48382	0.10766	0	1	92	2.0	77,92	3	74,88,90	DEGRON
Q9BXS6	Q9BXS6	Known-INTERNAL	383	387	98.68	0.513016	0.9424259655890815	0.7356	0.2206	0.0438	0.5253399999999999	0.6991600000000002	0.35080000000000006	1	3	376,378,404	6.0	374,376,378,400,401,404	1	388	DEGRON
Q8NI77	Q8NI77	Known-INTERNAL	896	898	144.96666666666667	0.37458333333333327	1.0730531177027176	0.915	0.068	0.023333333333333334	0.9114333333333334	0.7056333333333332	0.7996333333333334	0	0	0.0	2.0	879,887	0	0.0	DEGRON
Q9UM11	Q9UM11	Known-INTERNAL	494	496	123.63333333333333	0.5896033333333334	1.5860753725545822	0.8816666666666668	0.04800000000000001	0.08066666666666666	0.553	0.8839333333333332	0.11543333333333333	0	1	475	3.0	475,480,482	0	0.0	DEGRON
Q9UM13	Q9UM13	Known-INTERNAL	183	185	102.93333333333334	0.57835	1.6813833020588318	0.8446666666666666	0.12733333333333333	0.044000000000000004	0.6953999999999999	0.8571333333333332	0.6	1	1	169	1.0	169	2	175,181	DEGRON
P51955	P51955	Known-INTERNAL	443	445	124.3	0.48281666666666667	1.1980643526424348	0.7993333333333333	0.18333333333333335	0.024000000000000004	0.7849333333333334	0.7391999999999999	0.7041	0	2	432,437	2.0	432,437	1	438	DEGRON
Q12834	Q12834	Known-INTERNAL	497	499	97.66666666666667	0.60554	1.755975008567738	0.9169999999999999	0.03	0.051666666666666666	0.8629000000000001	0.7104999999999998	0.40690000000000004	0	2	485,490	2.0	485,490	1	492	DEGRON
P14921	P14921	Known-INTERNAL	273	283	67.19090909090909	0.41051000000000004	1.0401563594147352	0.8402727272727273	0.08763636363636364	0.06827272727272728	0.4036272727272727	0.6827000000000001	0.25896363636363634	1	2	299,301	2.0	299,301	10	265,267,269,270,272,273,283,285,288,291	DEGRON
P17535	P17535	Known-INTERNAL	242	252	100.71818181818183	0.4677045454545455	0.9572340267182675	0.9604545454545454	0.019363636363636364	0.01863636363636364	0.7186	0.6337818181818182	0.5095	1	0	0.0	1.0	270	2	255,259	DEGRON
P41161	P41161	Known-INTERNAL	66	73	77.8875	0.56581125	1.0775304703865927	0.817	0.11737500000000001	0.06775	0.5178	0.7574875000000001	0.35721250000000004	1	0	0.0	2.0	87,89	0	0.0	DEGRON
P43268	P43268	Known-INTERNAL	74	81	73.925	0.5126774999999999	1.1259819605768222	0.7695	0.14400000000000002	0.082125	0.5689624999999999	0.7262124999999999	0.5216000000000001	1	0	0.0	2.0	96,97	1	73	DEGRON
P50549	P50549	Known-INTERNAL	67	74	68.025	0.53497	1.106789031547607	0.6917500000000001	0.17124999999999999	0.136	0.5010375	0.78535	0.27536249999999995	1	0	0.0	3.0	87,89,90	0	0.0	DEGRON
Q96RU8	Q96RU8	Known-INTERNAL	354	361	86.7125	0.7445375000000001	1.6133435177962165	0.7638750000000001	0.153375	0.080125	0.5145625	0.7969312499999999	0.0610125	0	0	0.0	0.0	0.0	0	0.0	DEGRON
P05412	P05412	Known-INTERNAL	227	235	109.51111111111112	0.5498088888888889	1.1405887630452383	0.9335555555555555	0.03688888888888889	0.025777777777777774	0.8110222222222222	0.6006444444444444	0.42092222222222225	1	0	0.0	1.0	254	2	239,243	DEGRON
P15036	P15036	Known-INTERNAL	46	56	79.09090909090911	0.41935727272727275	1.1409628705310269	0.7657272727272727	0.17218181818181819	0.05363636363636364	0.46325454545454553	0.7505363636363637	0.06267272727272727	0	0	0.0	1.0	76	0	0.0	DEGRON
P15036	P15036	Known-INTERNAL	301	311	60.84545454545455	0.4248718181818182	1.0325249592940922	0.7639090909090908	0.14054545454545456	0.0951818181818182	0.3665727272727273	0.7491909090909092	0.3007727272727273	1	1	326	1.0	326	4	295,313,319,321	DEGRON
Q9H211	Q9H211	Known-INTERNAL	4	15	98.10833333333333	0.46910750000000007	1.3061915520745906	0.5398333333333333	0.4159999999999999	0.03425	0.7338916666666666	0.7467708333333333	0.9534500000000001	0	1	24	1.0	24	0	0.0	DEGRON
Q9NQR1	Q9NQR1	Known-INTERNAL	220	231	97.30833333333334	0.6761849999999999	1.3295584038581676	0.681	0.25108333333333327	0.07366666666666667	0.63145	0.7421000000000001	0.7625916666666667	0	2	236,245	9.0	200,203,205,210,211,215,234,236,245	1	232	DEGRON
P38936	P38936	Known-INTERNAL	145	157	98.16153846153846	0.7131415384615385	1.2376321790216693	0.7329999999999999	0.16076923076923075	0.0976153846153846	0.7017076923076924	0.7555576923076922	0.9021461538461538	0	3	141,161,163	3.0	141,161,163	2	137,145	DEGRON
P49918	P49918	Known-INTERNAL	270	282	86.51538461538462	0.6747200000000001	1.8858803919177136	0.6993846153846154	0.12584615384615383	0.16776923076923073	0.4477846153846154	0.7512384615384614	0.9187307692307692	0	0	0.0	3.0	265,266,286	2	268,282	DEGRON
Q13002	Q13002	Known-INTERNAL	881	885	95.58	0.27058799999999994	0.959136139826248	0.9282	0.0306	0.0412	0.38683999999999996	0.7703599999999999	0.08352000000000001	0	0	0.0	4.0	870,876,878,904	0	0.0	DEGRON
O14920	O14920	Known-INTERNAL	34	39	81.96666666666667	0.45886000000000005	0.8624804776274466	0.824	0.006666666666666667	0.16999999999999996	0.32615	0.7894333333333333	0.08923333333333333	1	1	44	2.0	18,44	1	23	DEGRON
P06454	P06454	Known-INTERNAL	40	45	98.0	0.9091833333333333	1.0293511955642218	0.596	0.3621666666666667	0.031	0.9308333333333335	0.5526833333333334	0.5386666666666667	1	2	20,21	2.0	20,21	0	0.0	DEGRON
Q12830	Q12830	Known-INTERNAL	729	734	90.81666666666666	0.28936999999999996	1.0483729662077592	0.7848333333333333	0.19666666666666666	0.019	0.7993666666666667	0.5311666666666667	0.24273333333333336	0	0	0.0	2.0	725,752	3	737,739,742	DEGRON
Q13402	Q13402	Known-INTERNAL	1636	1641	68.58333333333334	0.29931166666666664	0.5743582631469993	0.7856666666666666	0.03216666666666667	0.18300000000000002	0.3654833333333334	0.7910666666666667	0.23601666666666665	0	0	0.0	2.0	1629,1657	0	0.0	DEGRON
Q13501	Q13501	Known-INTERNAL	347	352	77.23333333333333	0.5725566666666667	1.1847262717656428	0.762	0.19966666666666666	0.033666666666666664	0.7578999999999999	0.6217333333333334	0.7903166666666667	0	1	344	1.0	344	5	339,342,343,355,361	DEGRON
Q14494	Q14494	Known-INTERNAL	231	236	82.36666666666667	0.5730566666666667	1.3909541388727684	0.8746666666666667	0.0835	0.047499999999999994	0.51855	0.6772500000000002	0.47925	0	0	0.0	0.0	0.0	0	0.0	DEGRON
Q5JTC6	Q5JTC6	Known-INTERNAL	286	291	76.3	0.58414	0.990802883803623	0.8433333333333333	0.12299999999999998	0.035166666666666666	0.7248166666666666	0.5758333333333333	0.47944999999999993	1	0	0.0	1.0	273	2	280,286	DEGRON
Q86YC2	Q86YC2	Known-INTERNAL	89	94	103.63333333333333	0.4962483333333334	1.143695259406076	0.7675000000000001	0.21449999999999994	0.0265	0.4793	0.7186666666666666	0.16395	0	0	0.0	4.0	73,75,81,85	0	0.0	DEGRON
Q16236	Q16236	Known-INTERNAL	77	82	89.3	0.7078666666666668	1.456063649022813	0.9106666666666667	0.030666666666666672	0.058166666666666665	0.47490000000000004	0.7553833333333335	0.2503166666666667	0	1	64	2.0	64,68	0	0.0	DEGRON
Q16236	Q16236	Known-INTERNAL	26	32	31.014285714285716	0.7106457142857143	1.3890256260293365	0.7017142857142858	0.1172857142857143	0.185	0.11238571428571428	0.8332857142857144	0.4745428571428571	0	1	44	3.0	44,50,52	1	40	DEGRON
Q96J92	Q96J92	Known-INTERNAL	557	566	100.75	0.44063100000000005	1.0059024592715577	0.8102	0.1575	0.032299999999999995	0.7691399999999999	0.6184700000000001	0.2627	0	0	0.0	0.0	0.0	1	575	DEGRON
Q9H4A3	Q9H4A3	Known-INTERNAL	628	637	100.27000000000001	0.399987	1.155480767841925	0.6835	0.29	0.0215	0.76867	0.6814699999999999	0.23563	0	0	0.0	0.0	0.0	0	0.0	DEGRON
Q9Y3S1	Q9Y3S1	Known-INTERNAL	588	597	103.72999999999999	0.371434	1.063521737546008	0.7891	0.18550000000000003	0.0268	0.9165099999999999	0.61114	0.35346	0	0	0.0	0.0	0.0	0	0.0	DEGRON
Q9BYP7	Q9BYP7	Known-INTERNAL	537	546	97.01	0.432948	1.0707715967497515	0.5287	0.4319	0.0372	0.5242199999999999	0.7558399999999998	0.27856000000000003	0	0	0.0	1.0	555	0	0.0	DEGRON
O15350	O15350	Known-INTERNAL	15	22	46.65	0.372505	1.0863068845348827	0.2545	0.7258749999999999	0.015875	0.5302	0.7707875000000001	0.73095	0	0	0.0	0.0	0.0	2	27,28	DEGRON
P04637	P04637	Known-INTERNAL	19	26	57.5625	0.37062625	1.187780055122423	0.25975	0.72075	0.0125	0.4340625	0.79535625	0.992625	1	0	0.0	0.0	0.0	5	9,15,18,33,37	DEGRON
P49757	P49757	Known-INTERNAL	616	623	52.212500000000006	0.392695	1.185990706230395	0.067125	0.926375	0.009375000000000001	0.5236875	0.8011125	0.8979374999999999	0	0	0.0	2.0	626,628	2	631,634	DEGRON
Q9Y6R0	Q9Y6R0	Known-INTERNAL	577	584	64.75	0.39514875000000005	1.1622301739881444	0.34525	0.6383749999999999	0.016125	0.596175	0.764025	0.974425	0	0	0.0	3.0	587,592,603	0	0.0	DEGRON
Q9H3D4	Q9H3D4	Known-INTERNAL	55	62	48.012499999999996	0.24291874999999996	0.9308431424460832	0.11562500000000002	0.87525	0.009375000000000001	0.18255	0.9152	0.5079375	0	0	0.0	0.0	0.0	2	46,51	DEGRON
O60216	O60216	Known-INTERNAL	173	174	62.5	0.221915	0.8663063363599421	0.7444999999999999	0.1975	0.040999999999999995	0.49339999999999995	0.7192	0.3022	0	0	0.0	0.0	0.0	2	175,185	DEGRON
Q9Y2N7	Q9Y2N7	Known-INTERNAL	490	502	70.82307692307691	0.6390853846153846	1.2016168519706738	0.7697692307692309	0.15184615384615385	0.0803846153846154	0.3067692307692308	0.8061769230769229	0.8215692307692308	1	0	0.0	0.0	0.0	0	0.0	DEGRON
Q16665	Q16665	Known-INTERNAL	400	413	74.35714285714285	0.757112857142857	1.042182441533349	0.8164285714285715	0.05864285714285715	0.1257142857142857	0.35031428571428574	0.7726571428571429	0.6693499999999999	0	2	389,391	3.0	389,391,392	0	0.0	DEGRON
Q16665	Q16665	Known-INTERNAL	562	574	80.74615384615385	0.7866223076923077	1.0492087305008821	0.7812307692307693	0.15076923076923077	0.06976923076923078	0.429576923076923	0.8117615384615383	0.919176923076923	1	1	547	1.0	547	3	551,555,576	DEGRON
Q99814	Q99814	Known-INTERNAL	403	416	67.86428571428571	0.7550985714285715	1.1272705205619313	0.7065	0.14450000000000002	0.1487857142857143	0.46715	0.7695357142857143	0.48425	0	2	385,392	4.0	385,392,394,429	0	0.0	DEGRON
Q99814	Q99814	Known-INTERNAL	529	542	69.40714285714286	0.7491899999999999	1.0227335765313685	0.7787142857142859	0.15871428571428572	0.06371428571428571	0.44534285714285715	0.7733357142857143	0.6489000000000001	1	1	512	1.0	512	1	528	DEGRON
Q99814	Q99814	Known-INTERNAL	574	585	86.0	0.7460049999999999	1.0515035977814267	0.8361666666666667	0.14408333333333334	0.021750000000000002	0.37079166666666663	0.7302749999999999	0.6132833333333333	0	1	595	2.0	595,596	0	0.0	DEGRON
P01106	P01106	Known-INTERNAL	55	62	52.9875	0.5009375	1.0591571048400352	0.9492499999999999	0.01675	0.035	0.46094999999999997	0.6876	0.22145	1	2	51,52	2.0	51,52	4	62,64,67,71	DEGRON
P13051	P13051	Known-INTERNAL	58	64	76.65714285714286	0.34893142857142856	0.9569787820832811	0.9587142857142857	0.01442857142857143	0.02557142857142857	0.7905857142857142	0.5314999999999999	0.09695714285714285	0	3	49,50,78	3.0	49,50,78	2	64,67	DEGRON
P36956	P36956	Known-INTERNAL	425	430	82.48333333333333	0.455305	1.4067089192449587	0.9630000000000001	0.019166666666666665	0.017333333333333333	0.7320333333333334	0.6680499999999999	0.21005	0	0	0.0	1.0	418	3	430,434,439	DEGRON
P42345	P42345	Known-INTERNAL	313	318	49.88333333333333	0.09361666666666668	0.8772848992897895	0.6238333333333334	0.23316666666666666	0.15233333333333332	0.4245166666666666	0.8074333333333334	0.18488333333333337	0	3	298,301,309	3.0	298,301,309	1	308	DEGRON
P05412	P05412	Known-INTERNAL	236	243	91.7125	0.512375	0.8379135582586769	0.9664999999999999	0.015875	0.016999999999999998	0.7695624999999999	0.5892999999999999	0.4756875	1	0	0.0	3.0	226,254,258	3	231,243,249	DEGRON
P24864	P24864	Known-INTERNAL	393	399	76.2	0.45697000000000004	1.2511514858865975	0.8275714285714286	0.014571428571428572	0.14757142857142855	0.7889285714285714	0.5784357142857142	0.5053857142857142	0	0	0.0	3.0	376,377,402	2	387,399	DEGRON
Q13887	Q13887	Known-INTERNAL	300	307	78.6875	0.60927125	1.266734851642157	0.9748749999999999	0.009625	0.013375	0.7660625	0.5304875	0.22255000000000003	0	0	0.0	0.0	0.0	0	0.0	DEGRON
P24864	P24864	Known-INTERNAL	73	80	91.575	0.41362374999999996	1.114473719663345	0.9199999999999999	0.03025	0.054875	0.46950000000000003	0.7085374999999998	0.32575	0	0	0.0	1.0	93	2	73,90	DEGRON
P04198	P04198	Known-INTERNAL	57	62	49.949999999999996	0.9101750000000001	1.354017690809124	0.9641666666666665	0.012666666666666666	0.025500000000000005	0.45503333333333335	0.6767500000000001	0.2246166666666667	1	1	52	2.0	51,52	2	62,64	DEGRON
P46531	P46531	Known-INTERNAL	2508	2515	50.9125	0.54501625	1.0487031104184101	0.9159999999999999	0.020125	0.059	0.7163125	0.60225	0.4713	0	0	0.0	0.0	0.0	5	2516,2521,2522,2523,2524	DEGRON
P46527	P46527	Known-INTERNAL	183	190	93.675	0.4598125	0.9991602602078277	0.812125	0.023	0.16374999999999998	0.84105	0.6255874999999999	0.7018	0	1	165	1.0	165	4	175,178,183,198	DEGRON
P49918	P49918	Known-INTERNAL	306	313	109.7125	0.80563125	1.6428210932003797	0.884125	0.07824999999999999	0.035375000000000004	0.8294375	0.6853562499999999	0.60705	0	0	0.0	1.0	286	3	297,299,306	DEGRON
O00221	O00221	Known-INTERNAL	156	161	46.65	0.5207916666666667	1.1495062997985066	0.644	0.27849999999999997	0.07533333333333332	0.6880666666666667	0.6717	0.9869499999999999	0	0	0.0	1.0	145	5	153,155,161,164,167	DEGRON
O95863	O95863	Known-INTERNAL	95	100	77.69999999999999	0.4854516666666668	1.019207272169719	0.9256666666666665	0.032	0.04416666666666667	0.7954833333333333	0.4780666666666667	0.11626666666666667	0	0	0.0	0.0	0.0	6	90,92,100,104,107,111	DEGRON
P16471	P16471	Known-INTERNAL	348	353	62.21666666666666	0.95206	1.3066749514020417	0.8796666666666666	0.05883333333333334	0.06483333333333334	0.6659333333333334	0.5626166666666665	0.2649166666666667	0	0	0.0	3.0	331,339,363	3	356,358,361	DEGRON
P17181	P17181	Known-INTERNAL	534	539	75.10000000000001	0.6365816666666667	1.3731121680453546	0.7825000000000001	0.04649999999999999	0.1745	0.7133333333333334	0.5499416666666666	0.19379999999999997	0	0	0.0	3.0	525,526,547	3	527,532,539	DEGRON
P18848	P18848	Known-INTERNAL	218	224	75.51428571428572	0.5617885714285714	0.9278609104798683	0.877	0.037571428571428575	0.09071428571428572	0.6320428571428571	0.6762	0.7117142857142857	0	0	0.0	1.0	209	2	215,224	DEGRON
P19838	P19838	Known-INTERNAL	926	932	60.64285714285713	0.33593285714285714	1.055412046718009	0.584	0.23885714285714285	0.188	0.34854285714285715	0.737057142857143	0.47345714285714285	0	0	0.0	1.0	935	5	923,932,937,939,941	DEGRON
P25963	P25963	Known-INTERNAL	31	36	48.53333333333334	0.7829633333333333	1.3575522668175655	0.7573333333333333	0.19066666666666668	0.05416666666666666	0.5995666666666666	0.6264333333333333	0.3357666666666667	0	3	21,22,47	3.0	21,22,47	2	36,42	DEGRON
P35222	P35222	Known-INTERNAL	32	37	49.833333333333336	0.3269433333333333	1.0637759994163056	0.7061666666666667	0.14166666666666666	0.16416666666666668	0.5515333333333333	0.6294833333333335	0.7149333333333333	0	2	19,49	2.0	19,49	7	23,29,30,37,41,45,47	DEGRON
P98174	P98174	Known-INTERNAL	282	287	67.06666666666668	0.39276	1.2105239562902774	0.8516666666666666	0.04633333333333334	0.107	0.68955	0.6361166666666668	0.8153666666666668	0	0	0.0	1.0	277	0	0.0	DEGRON
Q5JSP0	Q5JSP0	Known-INTERNAL	75	80	67.15	0.33855166666666664	1.0440191007508537	0.9169999999999999	0.04616666666666667	0.043666666666666666	0.6155166666666666	0.5955166666666667	0.7012	0	0	0.0	1.0	70	1	68	DEGRON
Q12959	Q12959	Known-INTERNAL	597	602	57.25	0.628755	1.0218485098084114	0.8930000000000001	0.06516666666666666	0.044500000000000005	0.2637666666666667	0.7188	0.11485	1	0	0.0	3.0	581,594,608	1	602	DEGRON
Q15653	Q15653	Known-INTERNAL	18	23	39.316666666666656	0.5725699999999999	1.0400255619331957	0.8363333333333335	0.11933333333333333	0.05416666666666667	0.3709833333333334	0.7122250000000001	0.16810000000000003	0	0	0.0	1.0	9	1	23	DEGRON
Q53EL6	Q53EL6	Known-INTERNAL	70	76	87.74285714285713	0.3644928571428571	1.1142063548304562	0.9331428571428572	0.043285714285714295	0.023714285714285712	0.636	0.5281714285714284	0.16085714285714287	0	3	58,60,96	4.0	58,60,65,96	7	67,68,76,78,80,82,87	DEGRON
Q6PGQ7	Q6PGQ7	Known-INTERNAL	496	501	56.96666666666667	0.5472433333333333	1.1331902650841312	0.6975000000000001	0.11383333333333334	0.19666666666666666	0.3629166666666666	0.7121833333333334	0.10303333333333332	0	0	0.0	1.0	519	1	501	DEGRON
Q9HAW4	Q9HAW4	Known-INTERNAL	29	34	71.48333333333333	0.35130833333333333	1.1382529901640246	0.8683333333333333	0.08716666666666667	0.04533333333333334	0.76575	0.5435666666666669	0.5447000000000001	0	0	0.0	1.0	54	1	34	DEGRON
Q9Y6X0	Q9Y6X0	Known-INTERNAL	868	873	70.48333333333333	0.99998	1.0026854275900794	0.904	0.0325	0.06633333333333334	0.7225333333333332	0.5752666666666667	0.2650166666666667	0	0	0.0	2.0	849,884	0	0.0	DEGRON
Q9UKT4	Q9UKT4	Known-INTERNAL	144	149	61.93333333333334	0.5348433333333333	1.386218265898859	0.7581666666666665	0.16533333333333333	0.09349999999999999	0.39835	0.6886000000000001	0.4811833333333333	0	0	0.0	0.0	0.0	2	142,149	DEGRON
Q13127	Q13127	Known-INTERNAL	1024	1032	59.522222222222226	0.7212188888888889	1.393566661826313	0.8392222222222222	0.09677777777777778	0.06444444444444444	0.7750888888888889	0.5330666666666666	0.43814444444444445	0	1	1048	2.0	1045,1048	1	1024	DEGRON
O75553	O75553	Known-INTERNAL	360	368	59.888888888888886	0.41914222222222225	0.9215627159474683	0.8069999999999999	0.10688888888888891	0.07877777777777778	0.37677777777777777	0.7366333333333333	0.15736666666666665	0	0	0.0	0.0	0.0	0	0.0	DEGRON
P43146	P43146	Known-INTERNAL	1331	1339	86.22222222222223	0.4819922222222222	0.9085201172157993	0.9167777777777777	0.04977777777777778	0.03411111111111111	0.6029	0.6734777777777777	0.8341333333333334	1	0	0.0	0.0	0.0	0	0.0	DEGRON
Q13118	Q13118	Known-INTERNAL	200	208	82.01111111111112	0.48905777777777776	1.0238051889420705	0.9233333333333333	0.034888888888888886	0.03711111111111111	0.3680888888888889	0.7467777777777778	0.29212222222222217	0	1	223	2.0	211,223	0	0.0	DEGRON
Q16633	Q16633	Known-INTERNAL	46	54	62.699999999999996	0.8509622222222222	1.0964684960044	0.7125555555555556	0.03388888888888889	0.256	0.4338888888888889	0.7248	0.39443333333333336	1	1	29	2.0	29,35	1	40	DEGRON
Q7Z6J0	Q7Z6J0	Known-INTERNAL	600	608	67.61111111111111	0.46458777777777777	1.176258218224485	0.8352222222222223	0.12566666666666668	0.03966666666666666	0.5281888888888889	0.7670777777777779	0.3721555555555556	0	0	0.0	0.0	0.0	0	0.0	DEGRON
Q86TG7	Q86TG7	Known-INTERNAL	253	261	104.30000000000001	0.7705322222222223	1.092092366167032	0.9418888888888889	0.03733333333333333	0.020777777777777777	0.601111111111111	0.6548222222222222	0.5179888888888889	0	0	0.0	1.0	249	2	252,264	DEGRON
Q9HB71	Q9HB71	Known-INTERNAL	59	67	82.6	0.4933511111111112	0.895387362990413	0.816111111111111	0.07233333333333333	0.11255555555555558	0.26493333333333335	0.803088888888889	0.19473333333333334	1	4	41,51,74,85	7.0	41,43,47,50,51,74,85	5	48,68,69,71,72	DEGRON
Q9UHB7	Q9UHB7	Known-INTERNAL	252	260	103.66666666666667	0.5497044444444444	0.9890554739532276	0.9516666666666667	0.021555555555555557	0.027000000000000003	0.6622111111111111	0.7078111111111111	0.9220888888888888	1	0	0.0	2.0	245,269	1	265	DEGRON
P03372	P03372	Known-INTERNAL	571	575	73.78	0.51732	1.159083409715857	0.8969999999999999	0.0388	0.0718	0.48674	0.6065599999999998	0.16046	1	0	0.0	1.0	581	2	576,578	DEGRON
P10275	P10275	Known-INTERNAL	646	650	90.34	0.392468	0.76890502914686	0.9602	0.0242	0.015	0.6495	0.6113199999999999	0.02744	0	0	0.0	5.0	631,633,634,639,659	1	651	DEGRON
P10071	P10071	Known-INTERNAL	161	165	51.65999999999999	0.40315399999999996	1.0203612351019282	0.8470000000000001	0.10980000000000001	0.0446	0.4715	0.6074199999999998	0.29242	0	0	0.0	0.0	0.0	1	168	DEGRON
P10071	P10071	Known-INTERNAL	422	426	65.17999999999999	0.554562	1.3128439656174276	0.8878	0.043	0.0654	0.7966599999999999	0.5476599999999999	0.7428400000000001	0	0	0.0	4.0	416,433,436,438	0	0.0	DEGRON
O75367	O75367	Known-INTERNAL	171	175	82.6	0.47534400000000004	0.9564615497182997	0.8392	0.09020000000000002	0.0732	0.51994	0.6377	0.11094	0	2	167,189	8.0	152,153,157,159,160,161,167,189	4	166,170,175,178	DEGRON
P11308	P11308	Known-INTERNAL	42	46	86.61999999999999	0.288566	0.9618764649465839	0.8468	0.12019999999999997	0.0338	0.6349199999999999	0.6342399999999999	0.24931999999999999	0	0	0.0	1.0	30	5	37,38,39,41,48	DEGRON
P35659	P35659	Known-INTERNAL	285	289	93.82000000000001	0.49383800000000005	1.09313907684568	0.9202000000000001	0.06499999999999999	0.0158	0.6591199999999999	0.6090800000000002	0.32516	0	0	0.0	9.0	266,268,272,274,275,278,292,298,299	5	276,279,289,290,296	DEGRON
Q9UER7	Q9UER7	Known-INTERNAL	680	684	77.58	0.322604	0.9801164712819713	0.9128000000000001	0.0496	0.037	0.5290600000000001	0.6440399999999998	0.5820000000000001	0	0	0.0	2.0	661,662	5	671,675,688,690,695	DEGRON
Q9UER7	Q9UER7	Known-INTERNAL	608	612	66.05999999999999	0.322048	0.950640352183638	0.6234	0.08299999999999999	0.2958	0.56498	0.6657400000000001	0.9019600000000001	0	2	630,631	3.0	591,630,631	1	618	DEGRON
Q9Y6Q9	Q9Y6Q9	Known-INTERNAL	98	103	69.6	0.844075	1.2103800026072222	0.7433333333333333	0.18916666666666668	0.06966666666666667	0.4486333333333334	0.7139833333333332	0.06095	0	0	0.0	3.0	83,87,110	0	0.0	DEGRON
Q9H3D4	Q9H3D4	Known-INTERNAL	540	543	88.75	0.34556499999999996	1.0684818493444286	0.966	0.01675	0.015	0.297375	0.6245999999999999	0.056125	1	0	0.0	0.0	0.0	0	0.0	DEGRON
P04183	P04183	Known-INTERNAL	203	205	114.89999999999999	0.5614800000000001	1.0038422530816042	0.8426666666666667	0.128	0.029333333333333333	0.5647666666666668	0.6586333333333334	0.020900000000000002	0	3	192,211,220	4.0	191,192,211,220	0	0.0	DEGRON
P30304	P30304	Known-INTERNAL	141	143	103.5	0.29923	0.9661392061381496	0.5156666666666667	0.45733333333333337	0.022333333333333334	0.4527333333333334	0.6953333333333331	0.15156666666666666	1	1	150	2.0	149,150	0	0.0	DEGRON
Q14807	Q14807	Known-INTERNAL	504	506	125.26666666666667	0.41245	1.129613146182814	0.312	0.6813333333333333	0.0030000000000000005	0.5325000000000001	0.6787666666666664	0.27996666666666664	0	2	495,524	6.0	486,488,490,495,500,524	0	0.0	DEGRON
Q15004	Q15004	Known-INTERNAL	78	80	100.40000000000002	0.83873	1.2777151878793338	0.715	0.2346666666666667	0.04633333333333334	0.6812666666666667	0.662	0.10763333333333334	1	3	60,63,93	6.0	60,63,74,93,95,97	2	72,88	DEGRON
Q16875	Q16875	Known-INTERNAL	142	144	112.13333333333333	0.2345533333333333	0.5531520927777843	0.4526666666666667	0.5546666666666666	0.005	0.08653333333333334	0.8392333333333332	0.159	1	0	0.0	1.0	147	0	0.0	DEGRON
Q6UVJ0	Q6UVJ0	Known-INTERNAL	589	591	114.03333333333335	0.31972333333333336	0.9937572700771865	0.7873333333333333	0.19200000000000003	0.023999999999999997	0.5025666666666666	0.6706666666666666	0.13256666666666664	0	1	600	3.0	600,603,604	0	0.0	DEGRON
Q86T82	Q86T82	Known-INTERNAL	782	784	106.69999999999999	0.35358333333333336	1.0274308834633226	0.8153333333333334	0.12333333333333334	0.061	0.6943333333333334	0.6422333333333331	0.17923333333333333	1	1	776	1.0	776	0	0.0	DEGRON
Q9H467	Q9H467	Known-INTERNAL	93	95	130.46666666666667	0.48067333333333334	0.9411311691532546	0.7016666666666667	0.2926666666666667	0.010333333333333333	0.7022666666666666	0.6311	0.22803333333333334	0	1	82	1.0	82	0	0.0	DEGRON
Q9ULW0	Q9ULW0	Known-INTERNAL	87	89	116.36666666666667	0.3572666666666667	1.0277156692251033	0.519	0.4543333333333333	0.02333333333333333	0.4340333333333333	0.7858000000000002	0.2048	0	1	75	2.0	75,83	2	81,82	DEGRON
P51955	P51955	Known-INTERNAL	391	393	117.63333333333333	0.39875	1.0900237202084	0.4586666666666666	0.516	0.008	0.5278999999999999	0.6853666666666669	0.10759999999999999	0	3	381,383,407	6.0	381,382,383,407,409,411	4	390,397,400,402	DEGRON
P52732	P52732	Known-INTERNAL	1022	1024	114.16666666666667	0.27026	1.038677083042178	0.619	0.35833333333333334	0.02766666666666667	0.6130333333333333	0.6625666666666667	0.10426666666666667	1	1	1034	3.0	1015,1016,1034	2	1029,1033	DEGRON
Q15398	Q15398	Known-INTERNAL	32	34	114.33333333333333	0.4813966666666667	1.166693105489434	0.242	0.7473333333333333	0.002	0.6151	0.6478333333333333	0.17486666666666664	0	0	0.0	5.0	12,22,27,37,48	2	28,30	DEGRON
Q5FBB7	Q5FBB7	Known-INTERNAL	310	312	126.7	0.5937166666666666	1.229191193054472	0.7346666666666666	0.265	0.017666666666666664	0.7605	0.6429333333333335	0.4409666666666667	0	0	0.0	10.0	291,295,297,302,304,317,318,323,324,327	0	0.0	DEGRON
Q8IWF2	Q8IWF2	Known-INTERNAL	460	462	91.0	0.27485333333333334	0.7203496374092333	0.7346666666666667	0.09066666666666667	0.16933333333333334	0.018766666666666664	0.8698666666666667	0.07393333333333334	0	0	0.0	0.0	0.0	0	0.0	DEGRON
Q9Y2I6	Q9Y2I6	Known-INTERNAL	495	497	109.66666666666667	0.8265866666666667	1.0349392189436488	0.08033333333333333	0.9203333333333333	0.0016666666666666668	0.14426666666666668	0.7877	0.07606666666666667	0	0	0.0	3.0	489,502,510	0	0.0	DEGRON
Q99618	Q99618	Known-INTERNAL	258	260	97.16666666666667	0.7459633333333334	1.3333944839623855	0.4963333333333333	0.4546666666666667	0.033	0.6657000000000001	0.6843166666666668	0.3594333333333333	0	0	0.0	1.0	244	1	268	DEGRON
Q9Y2M0	Q9Y2M0	Known-INTERNAL	212	214	105.80000000000001	0.22113333333333332	0.9934659742600636	0.695	0.20299999999999999	0.12033333333333333	0.42556666666666665	0.7346666666666666	0.19763333333333333	0	0	0.0	2.0	217,222	0	0.0	DEGRON
P78396	P78396	Known-INTERNAL	135	140	82.38333333333333	0.433985	1.0912321245702583	0.46466666666666673	0.0785	0.4486666666666667	0.5994333333333334	0.8211333333333334	0.5004666666666666	1	0	0.0	3.0	119,120,132	0	0.0	DEGRON
O43683	O43683	Known-INTERNAL	527	532	68.89999999999999	0.31716666666666665	1.2241692281061252	0.46249999999999997	0.3695000000000001	0.16033333333333333	0.3174	0.7857	0.6504	0	1	535	4.0	518,535,544,546	2	525,538	DEGRON
O60566	O60566	Known-INTERNAL	272	277	60.6	0.32832833333333333	1.2609605441939358	0.393	0.05266666666666666	0.5638333333333334	0.6183666666666666	0.7736833333333332	0.7926333333333334	0	0	0.0	1.0	289	0	0.0	DEGRON
O60566	O60566	Known-INTERNAL	340	345	78.43333333333334	0.24167166666666665	0.8128273218479897	0.7364999999999999	0.146	0.11366666666666668	0.3337833333333333	0.7895166666666668	0.6643166666666667	0	0	0.0	1.0	357	0	0.0	DEGRON
O60566	O60566	Known-INTERNAL	528	533	73.14999999999999	0.26180333333333333	0.9858082345900248	0.4845	0.4555	0.0635	0.37961666666666666	0.79485	0.9583	0	3	522,539,542	4.0	522,539,540,542	3	521,537,543	DEGRON
P20248	P20248	Known-INTERNAL	99	104	78.75	0.37522666666666665	1.1760077878291424	0.6805	0.0365	0.2815	0.5902	0.7780833333333335	0.7911166666666666	1	1	95	6.0	91,95,108,112,113,119	0	0.0	DEGRON
O14965	O14965	Known-INTERNAL	45	48	114.45000000000002	0.5091150000000001	0.9776828267662928	0.7522500000000001	0.1075	0.14225000000000002	0.512125	0.7636499999999999	0.74125	0	1	63	1.0	63	4	41,51,53,54	DEGRON
Q12834	Q12834	Known-INTERNAL	165	171	61.57142857142857	0.6147257142857142	1.176209759181288	0.6672857142857141	0.008571428571428572	0.3192857142857143	0.3514857142857143	0.806757142857143	0.23885714285714288	0	2	149,155	2.0	149,155	4	157,160,161,164	DEGRON
Q96GD4	Q96GD4	Known-INTERNAL	26	29	101.82499999999999	0.270575	1.048195529103091	0.66575	0.2935	0.043750000000000004	0.550975	0.7762749999999999	0.441725	0	0	0.0	0.0	0.0	3	16,19,35	DEGRON
P30281	P30281	Known-INTERNAL	284	292	67.67777777777778	0.3577711111111111	1.055060781808054	0.6794444444444445	0.1921111111111111	0.13499999999999998	0.9094555555555556	0.7339944444444443	0.8493777777777777	0	0	0.0	1.0	268	5	274,279,281,282,283	DEGRON
